grupo,variavel,unidade,n,media,mediana,moda,minimo,maximo,amplitude,variancia,desvioPadrao,cvPercentual,q1,q3,aiq,limiteInferior,limiteSuperior,outliers
"Tempos de atendimento","Tempo total de atendimento (criação → entrega) — geral","min",1167,320.2571,274.0000,"95,00 (f = 9)",23.0000,1412.0000,1389.0000,59607.8464,244.1472,76.2348,113.0000,452.0000,339.0000,-395.5000,960.5000,21
"Tempos de atendimento","Tempo total de atendimento — EMERGENCIA","min",129,88.0465,54.0000,"38,00; 54,00 (f = 6)",23.0000,424.0000,401.0000,7651.2322,87.4713,99.3467,40.0000,77.0000,37.0000,-15.5000,132.5000,24
"Tempos de atendimento","Tempo total de atendimento — URGENCIA","min",306,122.6830,100.0000,"95,00 (f = 9)",47.0000,562.0000,515.0000,5468.3877,73.9485,60.2761,81.0000,131.7500,50.7500,4.8750,207.8750,26
"Tempos de atendimento","Tempo total de atendimento — NORMAL","min",732,443.7719,390.5000,"320,00 (f = 6)",101.0000,1412.0000,1311.0000,50324.8166,224.3319,50.5512,278.7500,555.5000,276.7500,-136.3750,970.6250,21
"Tempos de atendimento","Espera até o aceite do hemocentro — EMERGENCIA","min",132,6.4697,6.0000,"3,00; 5,00 (f = 22)",1.0000,26.0000,25.0000,15.5029,3.9374,60.8587,4.0000,8.0000,4.0000,-2.0000,14.0000,6
"Tempos de atendimento","Espera até o aceite do hemocentro — URGENCIA","min",313,22.8115,20.0000,"13,00 (f = 17)",3.0000,143.0000,140.0000,206.1663,14.3585,62.9441,13.0000,29.0000,16.0000,-11.0000,53.0000,10
"Tempos de atendimento","Espera até o aceite do hemocentro — NORMAL","min",744,151.9772,100.5000,"34,00; 41,00 (f = 9)",7.0000,1085.0000,1078.0000,20562.6253,143.3967,94.3541,53.0000,193.2500,140.2500,-157.3750,403.6250,61
"Tempos de atendimento","Tempo de transporte (envio → entrega)","min",1167,51.1243,20.0000,"13,00 (f = 68)",6.0000,514.0000,508.0000,5505.5394,74.1993,145.1353,14.0000,45.0000,31.0000,-32.5000,91.5000,178
"Demanda","Requisições por dia","requisições/dia",91,13.9231,14.0000,"15,00 (f = 11)",5.0000,24.0000,19.0000,21.0496,4.5880,32.9524,10.5000,17.0000,6.5000,0.7500,26.7500,0
"Demanda","Bolsas solicitadas por dia","bolsas/dia",91,36.0110,35.0000,"25,00; 26,00; 41,00 (f = 5)",11.0000,68.0000,57.0000,182.4999,13.5093,37.5142,26.0000,45.5000,19.5000,-3.2500,74.7500,0
"Demanda","Bolsas por requisição","bolsas",1267,2.5864,2.0000,"2,00 (f = 397)",1.0000,8.0000,7.0000,2.2538,1.5013,58.0438,1.0000,3.0000,2.0000,-2.0000,6.0000,38
"Estoque","Bolsas disponíveis por tipo sanguíneo (8 tipos)","bolsas",8,71.2500,46.0000,"amodal",1.0000,202.0000,201.0000,6811.9286,82.5344,115.8378,10.5000,91.2500,80.7500,-110.6250,212.3750,0
"Estoque","Dias até o vencimento das bolsas disponíveis — HEMACIAS","dias",371,18.0755,19.0000,"27,00 (f = 18)",1.0000,35.0000,34.0000,99.3673,9.9683,55.1483,9.0000,26.0000,17.0000,-16.5000,51.5000,0
"Estoque","Dias até o vencimento das bolsas disponíveis — PLAQUETAS","dias",80,3.0750,3.0000,"1,00; 4,00 (f = 18)",1.0000,5.0000,4.0000,2.1209,1.4563,47.3602,2.0000,4.0000,2.0000,-1.0000,7.0000,0
"Estoque","Dias até o vencimento das bolsas disponíveis — PLASMA","dias",68,306.2353,302.5000,"283,00; 300,00 (f = 3)",246.0000,365.0000,119.0000,1129.1975,33.6035,10.9731,283.0000,330.2500,47.2500,212.1250,401.1250,0
"Estoque","Dias até o vencimento das bolsas disponíveis — CRIOPRECIPITADO","dias",51,300.2941,298.0000,"281,00 (f = 3)",246.0000,362.0000,116.0000,1127.2518,33.5746,11.1806,276.5000,329.0000,52.5000,197.7500,407.7500,0
"Cadeia fria","Temperatura no transporte — HEMACIAS","°C",8295,4.0476,4.0000,"3,90 (f = 708)",2.0000,10.8000,8.8000,0.5590,0.7477,18.4722,3.7000,4.3000,0.6000,2.8000,5.2000,231
"Cadeia fria","Temperatura no transporte — PLAQUETAS","°C",1877,22.0950,22.0000,"22,00 (f = 173)",20.4000,28.8000,8.4000,0.5859,0.7654,3.4643,21.7000,22.3000,0.6000,20.8000,23.2000,43
"Cadeia fria","Temperatura no transporte — PLASMA","°C",1441,-29.9696,-30.1000,"-31,10 (f = 57)",-35.0000,-11.8000,23.2000,3.2883,1.8134,6.0507,-31.0000,-29.1000,1.9000,-33.8500,-26.2500,13
"Cadeia fria","Temperatura no transporte — CRIOPRECIPITADO","°C",1013,-29.7185,-30.0000,"-30,20 (f = 36)",-34.6000,-8.4000,26.2000,6.4449,2.5387,8.5424,-30.9000,-28.9000,2.0000,-33.9000,-25.9000,18
